CustomerId,FirstName,LastName,Company,Address,City,State,Country,PostalCode,Phone,Fax,Email,SupportRepId,InvoiceID,total_price,track_quantity
1,Luís,Gonçalves,"Embraer - Empresa Brasileira de Aeronáutica S.A.","Av. Brigadeiro Faria Lima, 2170","São José dos Campos",SP,Brazil,12227-000,"+55 (12) 3923-5555","+55 (12) 3923-5566",luisg@embraer.com.br,3,98,3.98,2
1,Luís,Gonçalves,"Embraer - Empresa Brasileira de Aeronáutica S.A.","Av. Brigadeiro Faria Lima, 2170","São José dos Campos",SP,Brazil,12227-000,"+55 (12) 3923-5555","+55 (12) 3923-5566",luisg@embraer.com.br,3,121,3.96,4
1,Luís,Gonçalves,"Embraer - Empresa Brasileira de Aeronáutica S.A.","Av. Brigadeiro Faria Lima, 2170","São José dos Campos",SP,Brazil,12227-000,"+55 (12) 3923-5555","+55 (12) 3923-5566",luisg@embraer.com.br,3,143,5.94,6
1,Luís,Gonçalves,"Embraer - Empresa Brasileira de Aeronáutica S.A.","Av. Brigadeiro Faria Lima, 2170","São José dos Campos",SP,Brazil,12227-000,"+55 (12) 3923-5555","+55 (12) 3923-5566",luisg@embraer.com.br,3,195,0.99,1
1,Luís,Gonçalves,"Embraer - Empresa Brasileira de Aeronáutica S.A.","Av. Brigadeiro Faria Lima, 2170","São José dos Campos",SP,Brazil,12227-000,"+55 (12) 3923-5555","+55 (12) 3923-5566",luisg@embraer.com.br,3,316,1.98,2
1,Luís,Gonçalves,"Embraer - Empresa Brasileira de Aeronáutica S.A.","Av. Brigadeiro Faria Lima, 2170","São José dos Campos",SP,Brazil,12227-000,"+55 (12) 3923-5555","+55 (12) 3923-5566",luisg@embraer.com.br,3,327,13.86,14
1,Luís,Gonçalves,"Embraer - Empresa Brasileira de Aeronáutica S.A.","Av. Brigadeiro Faria Lima, 2170","São José dos Campos",SP,Brazil,12227-000,"+55 (12) 3923-5555","+55 (12) 3923-5566",luisg@embraer.com.br,3,382,8.91,9
2,Leonie,Köhler,NULL,"Theodor-Heuss-Straße 34",Stuttgart,NULL,Germany,70174,"+49 0711 2842222",NULL,leonekohler@surfeu.de,5,1,1.98,2
2,Leonie,Köhler,NULL,"Theodor-Heuss-Straße 34",Stuttgart,NULL,Germany,70174,"+49 0711 2842222",NULL,leonekohler@surfeu.de,5,12,13.86,14
2,Leonie,Köhler,NULL,"Theodor-Heuss-Straße 34",Stuttgart,NULL,Germany,70174,"+49 0711 2842222",NULL,leonekohler@surfeu.de,5,67,8.91,9
2,Leonie,Köhler,NULL,"Theodor-Heuss-Straße 34",Stuttgart,NULL,Germany,70174,"+49 0711 2842222",NULL,leonekohler@surfeu.de,5,196,1.98,2
2,Leonie,Köhler,NULL,"Theodor-Heuss-Straße 34",Stuttgart,NULL,Germany,70174,"+49 0711 2842222",NULL,leonekohler@surfeu.de,5,219,3.96,4
2,Leonie,Köhler,NULL,"Theodor-Heuss-Straße 34",Stuttgart,NULL,Germany,70174,"+49 0711 2842222",NULL,leonekohler@surfeu.de,5,241,5.94,6
2,Leonie,Köhler,NULL,"Theodor-Heuss-Straße 34",Stuttgart,NULL,Germany,70174,"+49 0711 2842222",NULL,leonekohler@surfeu.de,5,293,0.99,1
3,François,Tremblay,NULL,"1498 rue Bélanger",Montréal,QC,Canada,"H2G 1A7","+1 (514) 721-4711",NULL,ftremblay@gmail.com,3,99,3.98,2
3,François,Tremblay,NULL,"1498 rue Bélanger",Montréal,QC,Canada,"H2G 1A7","+1 (514) 721-4711",NULL,ftremblay@gmail.com,3,110,13.86,14
3,François,Tremblay,NULL,"1498 rue Bélanger",Montréal,QC,Canada,"H2G 1A7","+1 (514) 721-4711",NULL,ftremblay@gmail.com,3,165,8.91,9
3,François,Tremblay,NULL,"1498 rue Bélanger",Montréal,QC,Canada,"H2G 1A7","+1 (514) 721-4711",NULL,ftremblay@gmail.com,3,294,1.98,2
3,François,Tremblay,NULL,"1498 rue Bélanger",Montréal,QC,Canada,"H2G 1A7","+1 (514) 721-4711",NULL,ftremblay@gmail.com,3,317,3.96,4
3,François,Tremblay,NULL,"1498 rue Bélanger",Montréal,QC,Canada,"H2G 1A7","+1 (514) 721-4711",NULL,ftremblay@gmail.com,3,339,5.94,6
3,François,Tremblay,NULL,"1498 rue Bélanger",Montréal,QC,Canada,"H2G 1A7","+1 (514) 721-4711",NULL,ftremblay@gmail.com,3,391,0.99,1
4,Bjørn,Hansen,NULL,"Ullevålsveien 14",Oslo,NULL,Norway,0171,"+47 22 44 22 22",NULL,bjorn.hansen@yahoo.no,4,2,3.96,4
4,Bjørn,Hansen,NULL,"Ullevålsveien 14",Oslo,NULL,Norway,0171,"+47 22 44 22 22",NULL,bjorn.hansen@yahoo.no,4,24,5.94,6
4,Bjørn,Hansen,NULL,"Ullevålsveien 14",Oslo,NULL,Norway,0171,"+47 22 44 22 22",NULL,bjorn.hansen@yahoo.no,4,76,0.99,1
4,Bjørn,Hansen,NULL,"Ullevålsveien 14",Oslo,NULL,Norway,0171,"+47 22 44 22 22",NULL,bjorn.hansen@yahoo.no,4,197,1.98,2
4,Bjørn,Hansen,NULL,"Ullevålsveien 14",Oslo,NULL,Norway,0171,"+47 22 44 22 22",NULL,bjorn.hansen@yahoo.no,4,208,15.86,14
4,Bjørn,Hansen,NULL,"Ullevålsveien 14",Oslo,NULL,Norway,0171,"+47 22 44 22 22",NULL,bjorn.hansen@yahoo.no,4,263,8.91,9
4,Bjørn,Hansen,NULL,"Ullevålsveien 14",Oslo,NULL,Norway,0171,"+47 22 44 22 22",NULL,bjorn.hansen@yahoo.no,4,392,1.98,2
5,František,Wichterlová,"JetBrains s.r.o.","Klanova 9/506",Prague,NULL,"Czech Republic",14700,"+420 2 4172 5555","+420 2 4172 5555",frantisekw@jetbrains.com,4,77,1.98,2
5,František,Wichterlová,"JetBrains s.r.o.","Klanova 9/506",Prague,NULL,"Czech Republic",14700,"+420 2 4172 5555","+420 2 4172 5555",frantisekw@jetbrains.com,4,100,3.96,4
5,František,Wichterlová,"JetBrains s.r.o.","Klanova 9/506",Prague,NULL,"Czech Republic",14700,"+420 2 4172 5555","+420 2 4172 5555",frantisekw@jetbrains.com,4,122,5.94,6
5,František,Wichterlová,"JetBrains s.r.o.","Klanova 9/506",Prague,NULL,"Czech Republic",14700,"+420 2 4172 5555","+420 2 4172 5555",frantisekw@jetbrains.com,4,174,0.99,1
5,František,Wichterlová,"JetBrains s.r.o.","Klanova 9/506",Prague,NULL,"Czech Republic",14700,"+420 2 4172 5555","+420 2 4172 5555",frantisekw@jetbrains.com,4,295,1.98,2
5,František,Wichterlová,"JetBrains s.r.o.","Klanova 9/506",Prague,NULL,"Czech Republic",14700,"+420 2 4172 5555","+420 2 4172 5555",frantisekw@jetbrains.com,4,306,16.86,14
5,František,Wichterlová,"JetBrains s.r.o.","Klanova 9/506",Prague,NULL,"Czech Republic",14700,"+420 2 4172 5555","+420 2 4172 5555",frantisekw@jetbrains.com,4,361,8.91,9
6,Helena,Holý,NULL,"Rilská 3174/6",Prague,NULL,"Czech Republic",14300,"+420 2 4177 0449",NULL,hholy@gmail.com,5,46,8.91,9
6,Helena,Holý,NULL,"Rilská 3174/6",Prague,NULL,"Czech Republic",14300,"+420 2 4177 0449",NULL,hholy@gmail.com,5,175,1.98,2
6,Helena,Holý,NULL,"Rilská 3174/6",Prague,NULL,"Czech Republic",14300,"+420 2 4177 0449",NULL,hholy@gmail.com,5,198,3.96,4
6,Helena,Holý,NULL,"Rilská 3174/6",Prague,NULL,"Czech Republic",14300,"+420 2 4177 0449",NULL,hholy@gmail.com,5,220,5.94,6
6,Helena,Holý,NULL,"Rilská 3174/6",Prague,NULL,"Czech Republic",14300,"+420 2 4177 0449",NULL,hholy@gmail.com,5,272,0.99,1
6,Helena,Holý,NULL,"Rilská 3174/6",Prague,NULL,"Czech Republic",14300,"+420 2 4177 0449",NULL,hholy@gmail.com,5,393,1.98,2
6,Helena,Holý,NULL,"Rilská 3174/6",Prague,NULL,"Czech Republic",14300,"+420 2 4177 0449",NULL,hholy@gmail.com,5,404,25.86,14
7,Astrid,Gruber,NULL,"Rotenturmstraße 4, 1010 Innere Stadt",Vienne,NULL,Austria,1010,"+43 01 5134505",NULL,astrid.gruber@apple.at,5,78,1.98,2
7,Astrid,Gruber,NULL,"Rotenturmstraße 4, 1010 Innere Stadt",Vienne,NULL,Austria,1010,"+43 01 5134505",NULL,astrid.gruber@apple.at,5,89,18.86,14
7,Astrid,Gruber,NULL,"Rotenturmstraße 4, 1010 Innere Stadt",Vienne,NULL,Austria,1010,"+43 01 5134505",NULL,astrid.gruber@apple.at,5,144,8.91,9
7,Astrid,Gruber,NULL,"Rotenturmstraße 4, 1010 Innere Stadt",Vienne,NULL,Austria,1010,"+43 01 5134505",NULL,astrid.gruber@apple.at,5,273,1.98,2
7,Astrid,Gruber,NULL,"Rotenturmstraße 4, 1010 Innere Stadt",Vienne,NULL,Austria,1010,"+43 01 5134505",NULL,astrid.gruber@apple.at,5,296,3.96,4
7,Astrid,Gruber,NULL,"Rotenturmstraße 4, 1010 Innere Stadt",Vienne,NULL,Austria,1010,"+43 01 5134505",NULL,astrid.gruber@apple.at,5,318,5.94,6
7,Astrid,Gruber,NULL,"Rotenturmstraße 4, 1010 Innere Stadt",Vienne,NULL,Austria,1010,"+43 01 5134505",NULL,astrid.gruber@apple.at,5,370,0.99,1
8,Daan,Peeters,NULL,"Grétrystraat 63",Brussels,NULL,Belgium,1000,"+32 02 219 03 03",NULL,daan_peeters@apple.be,4,3,5.94,6
8,Daan,Peeters,NULL,"Grétrystraat 63",Brussels,NULL,Belgium,1000,"+32 02 219 03 03",NULL,daan_peeters@apple.be,4,55,0.99,1
8,Daan,Peeters,NULL,"Grétrystraat 63",Brussels,NULL,Belgium,1000,"+32 02 219 03 03",NULL,daan_peeters@apple.be,4,176,1.98,2
8,Daan,Peeters,NULL,"Grétrystraat 63",Brussels,NULL,Belgium,1000,"+32 02 219 03 03",NULL,daan_peeters@apple.be,4,187,13.86,14
8,Daan,Peeters,NULL,"Grétrystraat 63",Brussels,NULL,Belgium,1000,"+32 02 219 03 03",NULL,daan_peeters@apple.be,4,242,8.91,9
8,Daan,Peeters,NULL,"Grétrystraat 63",Brussels,NULL,Belgium,1000,"+32 02 219 03 03",NULL,daan_peeters@apple.be,4,371,1.98,2
8,Daan,Peeters,NULL,"Grétrystraat 63",Brussels,NULL,Belgium,1000,"+32 02 219 03 03",NULL,daan_peeters@apple.be,4,394,3.96,4
9,Kara,Nielsen,NULL,"Sønder Boulevard 51",Copenhagen,NULL,Denmark,1720,"+453 3331 9991",NULL,kara.nielsen@jubii.dk,4,56,1.98,2
9,Kara,Nielsen,NULL,"Sønder Boulevard 51",Copenhagen,NULL,Denmark,1720,"+453 3331 9991",NULL,kara.nielsen@jubii.dk,4,79,3.96,4
9,Kara,Nielsen,NULL,"Sønder Boulevard 51",Copenhagen,NULL,Denmark,1720,"+453 3331 9991",NULL,kara.nielsen@jubii.dk,4,101,5.94,6
9,Kara,Nielsen,NULL,"Sønder Boulevard 51",Copenhagen,NULL,Denmark,1720,"+453 3331 9991",NULL,kara.nielsen@jubii.dk,4,153,0.99,1
9,Kara,Nielsen,NULL,"Sønder Boulevard 51",Copenhagen,NULL,Denmark,1720,"+453 3331 9991",NULL,kara.nielsen@jubii.dk,4,274,1.98,2
9,Kara,Nielsen,NULL,"Sønder Boulevard 51",Copenhagen,NULL,Denmark,1720,"+453 3331 9991",NULL,kara.nielsen@jubii.dk,4,285,13.86,14
9,Kara,Nielsen,NULL,"Sønder Boulevard 51",Copenhagen,NULL,Denmark,1720,"+453 3331 9991",NULL,kara.nielsen@jubii.dk,4,340,8.91,9
10,Eduardo,Martins,"Woodstock Discos","Rua Dr. Falcão Filho, 155","São Paulo",SP,Brazil,01007-010,"+55 (11) 3033-5446","+55 (11) 3033-4564",eduardo@woodstock.com.br,4,25,8.91,9
10,Eduardo,Martins,"Woodstock Discos","Rua Dr. Falcão Filho, 155","São Paulo",SP,Brazil,01007-010,"+55 (11) 3033-5446","+55 (11) 3033-4564",eduardo@woodstock.com.br,4,154,1.98,2
10,Eduardo,Martins,"Woodstock Discos","Rua Dr. Falcão Filho, 155","São Paulo",SP,Brazil,01007-010,"+55 (11) 3033-5446","+55 (11) 3033-4564",eduardo@woodstock.com.br,4,177,3.96,4
10,Eduardo,Martins,"Woodstock Discos","Rua Dr. Falcão Filho, 155","São Paulo",SP,Brazil,01007-010,"+55 (11) 3033-5446","+55 (11) 3033-4564",eduardo@woodstock.com.br,4,199,5.94,6
10,Eduardo,Martins,"Woodstock Discos","Rua Dr. Falcão Filho, 155","São Paulo",SP,Brazil,01007-010,"+55 (11) 3033-5446","+55 (11) 3033-4564",eduardo@woodstock.com.br,4,251,0.99,1
10,Eduardo,Martins,"Woodstock Discos","Rua Dr. Falcão Filho, 155","São Paulo",SP,Brazil,01007-010,"+55 (11) 3033-5446","+55 (11) 3033-4564",eduardo@woodstock.com.br,4,372,1.98,2
10,Eduardo,Martins,"Woodstock Discos","Rua Dr. Falcão Filho, 155","São Paulo",SP,Brazil,01007-010,"+55 (11) 3033-5446","+55 (11) 3033-4564",eduardo@woodstock.com.br,4,383,13.86,14
11,Alexandre,Rocha,"Banco do Brasil S.A.","Av. Paulista, 2022","São Paulo",SP,Brazil,01310-200,"+55 (11) 3055-3278","+55 (11) 3055-8131",alero@uol.com.br,5,57,1.98,2
11,Alexandre,Rocha,"Banco do Brasil S.A.","Av. Paulista, 2022","São Paulo",SP,Brazil,01310-200,"+55 (11) 3055-3278","+55 (11) 3055-8131",alero@uol.com.br,5,68,13.86,14
11,Alexandre,Rocha,"Banco do Brasil S.A.","Av. Paulista, 2022","São Paulo",SP,Brazil,01310-200,"+55 (11) 3055-3278","+55 (11) 3055-8131",alero@uol.com.br,5,123,8.91,9
11,Alexandre,Rocha,"Banco do Brasil S.A.","Av. Paulista, 2022","São Paulo",SP,Brazil,01310-200,"+55 (11) 3055-3278","+55 (11) 3055-8131",alero@uol.com.br,5,252,1.98,2
11,Alexandre,Rocha,"Banco do Brasil S.A.","Av. Paulista, 2022","São Paulo",SP,Brazil,01310-200,"+55 (11) 3055-3278","+55 (11) 3055-8131",alero@uol.com.br,5,275,3.96,4
11,Alexandre,Rocha,"Banco do Brasil S.A.","Av. Paulista, 2022","São Paulo",SP,Brazil,01310-200,"+55 (11) 3055-3278","+55 (11) 3055-8131",alero@uol.com.br,5,297,5.94,6
11,Alexandre,Rocha,"Banco do Brasil S.A.","Av. Paulista, 2022","São Paulo",SP,Brazil,01310-200,"+55 (11) 3055-3278","+55 (11) 3055-8131",alero@uol.com.br,5,349,0.99,1
12,Roberto,Almeida,Riotur,"Praça Pio X, 119","Rio de Janeiro",RJ,Brazil,20040-020,"+55 (21) 2271-7000","+55 (21) 2271-7070",roberto.almeida@riotur.gov.br,3,34,0.99,1
12,Roberto,Almeida,Riotur,"Praça Pio X, 119","Rio de Janeiro",RJ,Brazil,20040-020,"+55 (21) 2271-7000","+55 (21) 2271-7070",roberto.almeida@riotur.gov.br,3,155,1.98,2
12,Roberto,Almeida,Riotur,"Praça Pio X, 119","Rio de Janeiro",RJ,Brazil,20040-020,"+55 (21) 2271-7000","+55 (21) 2271-7070",roberto.almeida@riotur.gov.br,3,166,13.86,14
12,Roberto,Almeida,Riotur,"Praça Pio X, 119","Rio de Janeiro",RJ,Brazil,20040-020,"+55 (21) 2271-7000","+55 (21) 2271-7070",roberto.almeida@riotur.gov.br,3,221,8.91,9
12,Roberto,Almeida,Riotur,"Praça Pio X, 119","Rio de Janeiro",RJ,Brazil,20040-020,"+55 (21) 2271-7000","+55 (21) 2271-7070",roberto.almeida@riotur.gov.br,3,350,1.98,2
12,Roberto,Almeida,Riotur,"Praça Pio X, 119","Rio de Janeiro",RJ,Brazil,20040-020,"+55 (21) 2271-7000","+55 (21) 2271-7070",roberto.almeida@riotur.gov.br,3,373,3.96,4
12,Roberto,Almeida,Riotur,"Praça Pio X, 119","Rio de Janeiro",RJ,Brazil,20040-020,"+55 (21) 2271-7000","+55 (21) 2271-7070",roberto.almeida@riotur.gov.br,3,395,5.94,6
13,Fernanda,Ramos,NULL,"Qe 7 Bloco G",Brasília,DF,Brazil,71020-677,"+55 (61) 3363-5547","+55 (61) 3363-7855",fernadaramos4@uol.com.br,4,35,1.98,2
13,Fernanda,Ramos,NULL,"Qe 7 Bloco G",Brasília,DF,Brazil,71020-677,"+55 (61) 3363-5547","+55 (61) 3363-7855",fernadaramos4@uol.com.br,4,58,3.96,4
13,Fernanda,Ramos,NULL,"Qe 7 Bloco G",Brasília,DF,Brazil,71020-677,"+55 (61) 3363-5547","+55 (61) 3363-7855",fernadaramos4@uol.com.br,4,80,5.94,6
13,Fernanda,Ramos,NULL,"Qe 7 Bloco G",Brasília,DF,Brazil,71020-677,"+55 (61) 3363-5547","+55 (61) 3363-7855",fernadaramos4@uol.com.br,4,132,0.99,1
13,Fernanda,Ramos,NULL,"Qe 7 Bloco G",Brasília,DF,Brazil,71020-677,"+55 (61) 3363-5547","+55 (61) 3363-7855",fernadaramos4@uol.com.br,4,253,1.98,2
13,Fernanda,Ramos,NULL,"Qe 7 Bloco G",Brasília,DF,Brazil,71020-677,"+55 (61) 3363-5547","+55 (61) 3363-7855",fernadaramos4@uol.com.br,4,264,13.86,14
13,Fernanda,Ramos,NULL,"Qe 7 Bloco G",Brasília,DF,Brazil,71020-677,"+55 (61) 3363-5547","+55 (61) 3363-7855",fernadaramos4@uol.com.br,4,319,8.91,9
14,Mark,Philips,Telus,"8210 111 ST NW",Edmonton,AB,Canada,"T6G 2C7","+1 (780) 434-4554","+1 (780) 434-5565",mphilips12@shaw.ca,5,4,8.91,9
14,Mark,Philips,Telus,"8210 111 ST NW",Edmonton,AB,Canada,"T6G 2C7","+1 (780) 434-4554","+1 (780) 434-5565",mphilips12@shaw.ca,5,133,1.98,2
14,Mark,Philips,Telus,"8210 111 ST NW",Edmonton,AB,Canada,"T6G 2C7","+1 (780) 434-4554","+1 (780) 434-5565",mphilips12@shaw.ca,5,156,3.96,4
14,Mark,Philips,Telus,"8210 111 ST NW",Edmonton,AB,Canada,"T6G 2C7","+1 (780) 434-4554","+1 (780) 434-5565",mphilips12@shaw.ca,5,178,5.94,6
14,Mark,Philips,Telus,"8210 111 ST NW",Edmonton,AB,Canada,"T6G 2C7","+1 (780) 434-4554","+1 (780) 434-5565",mphilips12@shaw.ca,5,230,0.99,1
14,Mark,Philips,Telus,"8210 111 ST NW",Edmonton,AB,Canada,"T6G 2C7","+1 (780) 434-4554","+1 (780) 434-5565",mphilips12@shaw.ca,5,351,1.98,2
14,Mark,Philips,Telus,"8210 111 ST NW",Edmonton,AB,Canada,"T6G 2C7","+1 (780) 434-4554","+1 (780) 434-5565",mphilips12@shaw.ca,5,362,13.86,14
15,Jennifer,Peterson,"Rogers Canada","700 W Pender Street",Vancouver,BC,Canada,"V6C 1G8","+1 (604) 688-2255","+1 (604) 688-8756",jenniferp@rogers.ca,3,36,1.98,2
15,Jennifer,Peterson,"Rogers Canada","700 W Pender Street",Vancouver,BC,Canada,"V6C 1G8","+1 (604) 688-2255","+1 (604) 688-8756",jenniferp@rogers.ca,3,47,13.86,14
15,Jennifer,Peterson,"Rogers Canada","700 W Pender Street",Vancouver,BC,Canada,"V6C 1G8","+1 (604) 688-2255","+1 (604) 688-8756",jenniferp@rogers.ca,3,102,9.91,9
15,Jennifer,Peterson,"Rogers Canada","700 W Pender Street",Vancouver,BC,Canada,"V6C 1G8","+1 (604) 688-2255","+1 (604) 688-8756",jenniferp@rogers.ca,3,231,1.98,2
15,Jennifer,Peterson,"Rogers Canada","700 W Pender Street",Vancouver,BC,Canada,"V6C 1G8","+1 (604) 688-2255","+1 (604) 688-8756",jenniferp@rogers.ca,3,254,3.96,4
15,Jennifer,Peterson,"Rogers Canada","700 W Pender Street",Vancouver,BC,Canada,"V6C 1G8","+1 (604) 688-2255","+1 (604) 688-8756",jenniferp@rogers.ca,3,276,5.94,6
15,Jennifer,Peterson,"Rogers Canada","700 W Pender Street",Vancouver,BC,Canada,"V6C 1G8","+1 (604) 688-2255","+1 (604) 688-8756",jenniferp@rogers.ca,3,328,0.99,1
16,Frank,Harris,"Google Inc.","1600 Amphitheatre Parkway","Mountain View",CA,USA,94043-1351,"+1 (650) 253-0000","+1 (650) 253-0000",fharris@google.com,4,13,0.99,1
16,Frank,Harris,"Google Inc.","1600 Amphitheatre Parkway","Mountain View",CA,USA,94043-1351,"+1 (650) 253-0000","+1 (650) 253-0000",fharris@google.com,4,134,1.98,2
16,Frank,Harris,"Google Inc.","1600 Amphitheatre Parkway","Mountain View",CA,USA,94043-1351,"+1 (650) 253-0000","+1 (650) 253-0000",fharris@google.com,4,145,13.86,14
16,Frank,Harris,"Google Inc.","1600 Amphitheatre Parkway","Mountain View",CA,USA,94043-1351,"+1 (650) 253-0000","+1 (650) 253-0000",fharris@google.com,4,200,8.91,9
16,Frank,Harris,"Google Inc.","1600 Amphitheatre Parkway","Mountain View",CA,USA,94043-1351,"+1 (650) 253-0000","+1 (650) 253-0000",fharris@google.com,4,329,1.98,2
16,Frank,Harris,"Google Inc.","1600 Amphitheatre Parkway","Mountain View",CA,USA,94043-1351,"+1 (650) 253-0000","+1 (650) 253-0000",fharris@google.com,4,352,3.96,4
16,Frank,Harris,"Google Inc.","1600 Amphitheatre Parkway","Mountain View",CA,USA,94043-1351,"+1 (650) 253-0000","+1 (650) 253-0000",fharris@google.com,4,374,5.94,6
17,Jack,Smith,"Microsoft Corporation","1 Microsoft Way",Redmond,WA,USA,98052-8300,"+1 (425) 882-8080","+1 (425) 882-8081",jacksmith@microsoft.com,5,14,1.98,2
17,Jack,Smith,"Microsoft Corporation","1 Microsoft Way",Redmond,WA,USA,98052-8300,"+1 (425) 882-8080","+1 (425) 882-8081",jacksmith@microsoft.com,5,37,3.96,4
17,Jack,Smith,"Microsoft Corporation","1 Microsoft Way",Redmond,WA,USA,98052-8300,"+1 (425) 882-8080","+1 (425) 882-8081",jacksmith@microsoft.com,5,59,5.94,6
17,Jack,Smith,"Microsoft Corporation","1 Microsoft Way",Redmond,WA,USA,98052-8300,"+1 (425) 882-8080","+1 (425) 882-8081",jacksmith@microsoft.com,5,111,0.99,1
17,Jack,Smith,"Microsoft Corporation","1 Microsoft Way",Redmond,WA,USA,98052-8300,"+1 (425) 882-8080","+1 (425) 882-8081",jacksmith@microsoft.com,5,232,1.98,2
17,Jack,Smith,"Microsoft Corporation","1 Microsoft Way",Redmond,WA,USA,98052-8300,"+1 (425) 882-8080","+1 (425) 882-8081",jacksmith@microsoft.com,5,243,13.86,14
17,Jack,Smith,"Microsoft Corporation","1 Microsoft Way",Redmond,WA,USA,98052-8300,"+1 (425) 882-8080","+1 (425) 882-8081",jacksmith@microsoft.com,5,298,10.91,9
18,Michelle,Brooks,NULL,"627 Broadway","New York",NY,USA,10012-2612,"+1 (212) 221-3546","+1 (212) 221-4679",michelleb@aol.com,3,112,1.98,2
18,Michelle,Brooks,NULL,"627 Broadway","New York",NY,USA,10012-2612,"+1 (212) 221-3546","+1 (212) 221-4679",michelleb@aol.com,3,135,3.96,4
18,Michelle,Brooks,NULL,"627 Broadway","New York",NY,USA,10012-2612,"+1 (212) 221-3546","+1 (212) 221-4679",michelleb@aol.com,3,157,5.94,6
18,Michelle,Brooks,NULL,"627 Broadway","New York",NY,USA,10012-2612,"+1 (212) 221-3546","+1 (212) 221-4679",michelleb@aol.com,3,209,0.99,1
18,Michelle,Brooks,NULL,"627 Broadway","New York",NY,USA,10012-2612,"+1 (212) 221-3546","+1 (212) 221-4679",michelleb@aol.com,3,330,1.98,2
18,Michelle,Brooks,NULL,"627 Broadway","New York",NY,USA,10012-2612,"+1 (212) 221-3546","+1 (212) 221-4679",michelleb@aol.com,3,341,13.86,14
18,Michelle,Brooks,NULL,"627 Broadway","New York",NY,USA,10012-2612,"+1 (212) 221-3546","+1 (212) 221-4679",michelleb@aol.com,3,396,8.91,9
19,Tim,Goyer,"Apple Inc.","1 Infinite Loop",Cupertino,CA,USA,95014,"+1 (408) 996-1010","+1 (408) 996-1011",tgoyer@apple.com,3,15,1.98,2
19,Tim,Goyer,"Apple Inc.","1 Infinite Loop",Cupertino,CA,USA,95014,"+1 (408) 996-1010","+1 (408) 996-1011",tgoyer@apple.com,3,26,13.86,14
19,Tim,Goyer,"Apple Inc.","1 Infinite Loop",Cupertino,CA,USA,95014,"+1 (408) 996-1010","+1 (408) 996-1011",tgoyer@apple.com,3,81,8.91,9
19,Tim,Goyer,"Apple Inc.","1 Infinite Loop",Cupertino,CA,USA,95014,"+1 (408) 996-1010","+1 (408) 996-1011",tgoyer@apple.com,3,210,1.98,2
19,Tim,Goyer,"Apple Inc.","1 Infinite Loop",Cupertino,CA,USA,95014,"+1 (408) 996-1010","+1 (408) 996-1011",tgoyer@apple.com,3,233,3.96,4
19,Tim,Goyer,"Apple Inc.","1 Infinite Loop",Cupertino,CA,USA,95014,"+1 (408) 996-1010","+1 (408) 996-1011",tgoyer@apple.com,3,255,5.94,6
19,Tim,Goyer,"Apple Inc.","1 Infinite Loop",Cupertino,CA,USA,95014,"+1 (408) 996-1010","+1 (408) 996-1011",tgoyer@apple.com,3,307,1.99,1
20,Dan,Miller,NULL,"541 Del Medio Avenue","Mountain View",CA,USA,94040-111,"+1 (650) 644-3358",NULL,dmiller@comcast.com,4,113,1.98,2
20,Dan,Miller,NULL,"541 Del Medio Avenue","Mountain View",CA,USA,94040-111,"+1 (650) 644-3358",NULL,dmiller@comcast.com,4,124,13.86,14
20,Dan,Miller,NULL,"541 Del Medio Avenue","Mountain View",CA,USA,94040-111,"+1 (650) 644-3358",NULL,dmiller@comcast.com,4,179,8.91,9
20,Dan,Miller,NULL,"541 Del Medio Avenue","Mountain View",CA,USA,94040-111,"+1 (650) 644-3358",NULL,dmiller@comcast.com,4,308,3.98,2
20,Dan,Miller,NULL,"541 Del Medio Avenue","Mountain View",CA,USA,94040-111,"+1 (650) 644-3358",NULL,dmiller@comcast.com,4,331,3.96,4
20,Dan,Miller,NULL,"541 Del Medio Avenue","Mountain View",CA,USA,94040-111,"+1 (650) 644-3358",NULL,dmiller@comcast.com,4,353,5.94,6
20,Dan,Miller,NULL,"541 Del Medio Avenue","Mountain View",CA,USA,94040-111,"+1 (650) 644-3358",NULL,dmiller@comcast.com,4,405,0.99,1
21,Kathy,Chase,NULL,"801 W 4th Street",Reno,NV,USA,89503,"+1 (775) 223-7665",NULL,kachase@hotmail.com,5,16,3.96,4
21,Kathy,Chase,NULL,"801 W 4th Street",Reno,NV,USA,89503,"+1 (775) 223-7665",NULL,kachase@hotmail.com,5,38,5.94,6
21,Kathy,Chase,NULL,"801 W 4th Street",Reno,NV,USA,89503,"+1 (775) 223-7665",NULL,kachase@hotmail.com,5,90,0.99,1
21,Kathy,Chase,NULL,"801 W 4th Street",Reno,NV,USA,89503,"+1 (775) 223-7665",NULL,kachase@hotmail.com,5,211,1.98,2
21,Kathy,Chase,NULL,"801 W 4th Street",Reno,NV,USA,89503,"+1 (775) 223-7665",NULL,kachase@hotmail.com,5,222,13.86,14
21,Kathy,Chase,NULL,"801 W 4th Street",Reno,NV,USA,89503,"+1 (775) 223-7665",NULL,kachase@hotmail.com,5,277,8.91,9
21,Kathy,Chase,NULL,"801 W 4th Street",Reno,NV,USA,89503,"+1 (775) 223-7665",NULL,kachase@hotmail.com,5,406,1.98,2
22,Heather,Leacock,NULL,"120 S Orange Ave",Orlando,FL,USA,32801,"+1 (407) 999-7788",NULL,hleacock@gmail.com,4,91,1.98,2
22,Heather,Leacock,NULL,"120 S Orange Ave",Orlando,FL,USA,32801,"+1 (407) 999-7788",NULL,hleacock@gmail.com,4,114,3.96,4
22,Heather,Leacock,NULL,"120 S Orange Ave",Orlando,FL,USA,32801,"+1 (407) 999-7788",NULL,hleacock@gmail.com,4,136,5.94,6
22,Heather,Leacock,NULL,"120 S Orange Ave",Orlando,FL,USA,32801,"+1 (407) 999-7788",NULL,hleacock@gmail.com,4,188,0.99,1
22,Heather,Leacock,NULL,"120 S Orange Ave",Orlando,FL,USA,32801,"+1 (407) 999-7788",NULL,hleacock@gmail.com,4,309,3.98,2
22,Heather,Leacock,NULL,"120 S Orange Ave",Orlando,FL,USA,32801,"+1 (407) 999-7788",NULL,hleacock@gmail.com,4,320,13.86,14
22,Heather,Leacock,NULL,"120 S Orange Ave",Orlando,FL,USA,32801,"+1 (407) 999-7788",NULL,hleacock@gmail.com,4,375,8.91,9
23,John,Gordon,NULL,"69 Salem Street",Boston,MA,USA,2113,"+1 (617) 522-1333",NULL,johngordon22@yahoo.com,4,5,13.86,14
23,John,Gordon,NULL,"69 Salem Street",Boston,MA,USA,2113,"+1 (617) 522-1333",NULL,johngordon22@yahoo.com,4,60,8.91,9
23,John,Gordon,NULL,"69 Salem Street",Boston,MA,USA,2113,"+1 (617) 522-1333",NULL,johngordon22@yahoo.com,4,189,1.98,2
23,John,Gordon,NULL,"69 Salem Street",Boston,MA,USA,2113,"+1 (617) 522-1333",NULL,johngordon22@yahoo.com,4,212,3.96,4
23,John,Gordon,NULL,"69 Salem Street",Boston,MA,USA,2113,"+1 (617) 522-1333",NULL,johngordon22@yahoo.com,4,234,5.94,6
23,John,Gordon,NULL,"69 Salem Street",Boston,MA,USA,2113,"+1 (617) 522-1333",NULL,johngordon22@yahoo.com,4,286,0.99,1
23,John,Gordon,NULL,"69 Salem Street",Boston,MA,USA,2113,"+1 (617) 522-1333",NULL,johngordon22@yahoo.com,4,407,1.98,2
24,Frank,Ralston,NULL,"162 E Superior Street",Chicago,IL,USA,60611,"+1 (312) 332-3232",NULL,fralston@gmail.com,3,92,1.98,2
24,Frank,Ralston,NULL,"162 E Superior Street",Chicago,IL,USA,60611,"+1 (312) 332-3232",NULL,fralston@gmail.com,3,103,15.86,14
24,Frank,Ralston,NULL,"162 E Superior Street",Chicago,IL,USA,60611,"+1 (312) 332-3232",NULL,fralston@gmail.com,3,158,8.91,9
24,Frank,Ralston,NULL,"162 E Superior Street",Chicago,IL,USA,60611,"+1 (312) 332-3232",NULL,fralston@gmail.com,3,287,1.98,2
24,Frank,Ralston,NULL,"162 E Superior Street",Chicago,IL,USA,60611,"+1 (312) 332-3232",NULL,fralston@gmail.com,3,310,7.96,4
24,Frank,Ralston,NULL,"162 E Superior Street",Chicago,IL,USA,60611,"+1 (312) 332-3232",NULL,fralston@gmail.com,3,332,5.94,6
24,Frank,Ralston,NULL,"162 E Superior Street",Chicago,IL,USA,60611,"+1 (312) 332-3232",NULL,fralston@gmail.com,3,384,0.99,1
25,Victor,Stevens,NULL,"319 N. Frances Street",Madison,WI,USA,53703,"+1 (608) 257-0597",NULL,vstevens@yahoo.com,5,17,5.94,6
25,Victor,Stevens,NULL,"319 N. Frances Street",Madison,WI,USA,53703,"+1 (608) 257-0597",NULL,vstevens@yahoo.com,5,69,0.99,1
25,Victor,Stevens,NULL,"319 N. Frances Street",Madison,WI,USA,53703,"+1 (608) 257-0597",NULL,vstevens@yahoo.com,5,190,1.98,2
25,Victor,Stevens,NULL,"319 N. Frances Street",Madison,WI,USA,53703,"+1 (608) 257-0597",NULL,vstevens@yahoo.com,5,201,18.86,14
25,Victor,Stevens,NULL,"319 N. Frances Street",Madison,WI,USA,53703,"+1 (608) 257-0597",NULL,vstevens@yahoo.com,5,256,8.91,9
25,Victor,Stevens,NULL,"319 N. Frances Street",Madison,WI,USA,53703,"+1 (608) 257-0597",NULL,vstevens@yahoo.com,5,385,1.98,2
25,Victor,Stevens,NULL,"319 N. Frances Street",Madison,WI,USA,53703,"+1 (608) 257-0597",NULL,vstevens@yahoo.com,5,408,3.96,4
26,Richard,Cunningham,NULL,"2211 W Berry Street","Fort Worth",TX,USA,76110,"+1 (817) 924-7272",NULL,ricunningham@hotmail.com,4,70,1.98,2
26,Richard,Cunningham,NULL,"2211 W Berry Street","Fort Worth",TX,USA,76110,"+1 (817) 924-7272",NULL,ricunningham@hotmail.com,4,93,3.96,4
26,Richard,Cunningham,NULL,"2211 W Berry Street","Fort Worth",TX,USA,76110,"+1 (817) 924-7272",NULL,ricunningham@hotmail.com,4,115,5.94,6
26,Richard,Cunningham,NULL,"2211 W Berry Street","Fort Worth",TX,USA,76110,"+1 (817) 924-7272",NULL,ricunningham@hotmail.com,4,167,0.99,1
26,Richard,Cunningham,NULL,"2211 W Berry Street","Fort Worth",TX,USA,76110,"+1 (817) 924-7272",NULL,ricunningham@hotmail.com,4,288,1.98,2
26,Richard,Cunningham,NULL,"2211 W Berry Street","Fort Worth",TX,USA,76110,"+1 (817) 924-7272",NULL,ricunningham@hotmail.com,4,299,23.86,14
26,Richard,Cunningham,NULL,"2211 W Berry Street","Fort Worth",TX,USA,76110,"+1 (817) 924-7272",NULL,ricunningham@hotmail.com,4,354,8.91,9
27,Patrick,Gray,NULL,"1033 N Park Ave",Tucson,AZ,USA,85719,"+1 (520) 622-4200",NULL,patrick.gray@aol.com,4,39,8.91,9
27,Patrick,Gray,NULL,"1033 N Park Ave",Tucson,AZ,USA,85719,"+1 (520) 622-4200",NULL,patrick.gray@aol.com,4,168,1.98,2
27,Patrick,Gray,NULL,"1033 N Park Ave",Tucson,AZ,USA,85719,"+1 (520) 622-4200",NULL,patrick.gray@aol.com,4,191,3.96,4
27,Patrick,Gray,NULL,"1033 N Park Ave",Tucson,AZ,USA,85719,"+1 (520) 622-4200",NULL,patrick.gray@aol.com,4,213,5.94,6
27,Patrick,Gray,NULL,"1033 N Park Ave",Tucson,AZ,USA,85719,"+1 (520) 622-4200",NULL,patrick.gray@aol.com,4,265,0.99,1
27,Patrick,Gray,NULL,"1033 N Park Ave",Tucson,AZ,USA,85719,"+1 (520) 622-4200",NULL,patrick.gray@aol.com,4,386,1.98,2
27,Patrick,Gray,NULL,"1033 N Park Ave",Tucson,AZ,USA,85719,"+1 (520) 622-4200",NULL,patrick.gray@aol.com,4,397,13.86,14
28,Julia,Barnett,NULL,"302 S 700 E","Salt Lake City",UT,USA,84102,"+1 (801) 531-7272",NULL,jubarnett@gmail.com,5,71,1.98,2
28,Julia,Barnett,NULL,"302 S 700 E","Salt Lake City",UT,USA,84102,"+1 (801) 531-7272",NULL,jubarnett@gmail.com,5,82,13.86,14
28,Julia,Barnett,NULL,"302 S 700 E","Salt Lake City",UT,USA,84102,"+1 (801) 531-7272",NULL,jubarnett@gmail.com,5,137,8.91,9
28,Julia,Barnett,NULL,"302 S 700 E","Salt Lake City",UT,USA,84102,"+1 (801) 531-7272",NULL,jubarnett@gmail.com,5,266,1.98,2
28,Julia,Barnett,NULL,"302 S 700 E","Salt Lake City",UT,USA,84102,"+1 (801) 531-7272",NULL,jubarnett@gmail.com,5,289,3.96,4
28,Julia,Barnett,NULL,"302 S 700 E","Salt Lake City",UT,USA,84102,"+1 (801) 531-7272",NULL,jubarnett@gmail.com,5,311,11.94,6
28,Julia,Barnett,NULL,"302 S 700 E","Salt Lake City",UT,USA,84102,"+1 (801) 531-7272",NULL,jubarnett@gmail.com,5,363,0.99,1
29,Robert,Brown,NULL,"796 Dundas Street West",Toronto,ON,Canada,"M6J 1V1","+1 (416) 363-8888",NULL,robbrown@shaw.ca,3,48,0.99,1
29,Robert,Brown,NULL,"796 Dundas Street West",Toronto,ON,Canada,"M6J 1V1","+1 (416) 363-8888",NULL,robbrown@shaw.ca,3,169,1.98,2
29,Robert,Brown,NULL,"796 Dundas Street West",Toronto,ON,Canada,"M6J 1V1","+1 (416) 363-8888",NULL,robbrown@shaw.ca,3,180,13.86,14
29,Robert,Brown,NULL,"796 Dundas Street West",Toronto,ON,Canada,"M6J 1V1","+1 (416) 363-8888",NULL,robbrown@shaw.ca,3,235,8.91,9
29,Robert,Brown,NULL,"796 Dundas Street West",Toronto,ON,Canada,"M6J 1V1","+1 (416) 363-8888",NULL,robbrown@shaw.ca,3,364,1.98,2
29,Robert,Brown,NULL,"796 Dundas Street West",Toronto,ON,Canada,"M6J 1V1","+1 (416) 363-8888",NULL,robbrown@shaw.ca,3,387,3.96,4
29,Robert,Brown,NULL,"796 Dundas Street West",Toronto,ON,Canada,"M6J 1V1","+1 (416) 363-8888",NULL,robbrown@shaw.ca,3,409,5.94,6
30,Edward,Francis,NULL,"230 Elgin Street",Ottawa,ON,Canada,"K2P 1L7","+1 (613) 234-3322",NULL,edfrancis@yachoo.ca,3,49,1.98,2
30,Edward,Francis,NULL,"230 Elgin Street",Ottawa,ON,Canada,"K2P 1L7","+1 (613) 234-3322",NULL,edfrancis@yachoo.ca,3,72,3.96,4
30,Edward,Francis,NULL,"230 Elgin Street",Ottawa,ON,Canada,"K2P 1L7","+1 (613) 234-3322",NULL,edfrancis@yachoo.ca,3,94,5.94,6
30,Edward,Francis,NULL,"230 Elgin Street",Ottawa,ON,Canada,"K2P 1L7","+1 (613) 234-3322",NULL,edfrancis@yachoo.ca,3,146,0.99,1
30,Edward,Francis,NULL,"230 Elgin Street",Ottawa,ON,Canada,"K2P 1L7","+1 (613) 234-3322",NULL,edfrancis@yachoo.ca,3,267,1.98,2
30,Edward,Francis,NULL,"230 Elgin Street",Ottawa,ON,Canada,"K2P 1L7","+1 (613) 234-3322",NULL,edfrancis@yachoo.ca,3,278,13.86,14
30,Edward,Francis,NULL,"230 Elgin Street",Ottawa,ON,Canada,"K2P 1L7","+1 (613) 234-3322",NULL,edfrancis@yachoo.ca,3,333,8.91,9
31,Martha,Silk,NULL,"194A Chain Lake Drive",Halifax,NS,Canada,"B3S 1C5","+1 (902) 450-0450",NULL,marthasilk@gmail.com,5,18,8.91,9
31,Martha,Silk,NULL,"194A Chain Lake Drive",Halifax,NS,Canada,"B3S 1C5","+1 (902) 450-0450",NULL,marthasilk@gmail.com,5,147,1.98,2
31,Martha,Silk,NULL,"194A Chain Lake Drive",Halifax,NS,Canada,"B3S 1C5","+1 (902) 450-0450",NULL,marthasilk@gmail.com,5,170,3.96,4
31,Martha,Silk,NULL,"194A Chain Lake Drive",Halifax,NS,Canada,"B3S 1C5","+1 (902) 450-0450",NULL,marthasilk@gmail.com,5,192,5.94,6
31,Martha,Silk,NULL,"194A Chain Lake Drive",Halifax,NS,Canada,"B3S 1C5","+1 (902) 450-0450",NULL,marthasilk@gmail.com,5,244,0.99,1
31,Martha,Silk,NULL,"194A Chain Lake Drive",Halifax,NS,Canada,"B3S 1C5","+1 (902) 450-0450",NULL,marthasilk@gmail.com,5,365,1.98,2
31,Martha,Silk,NULL,"194A Chain Lake Drive",Halifax,NS,Canada,"B3S 1C5","+1 (902) 450-0450",NULL,marthasilk@gmail.com,5,376,13.86,14
32,Aaron,Mitchell,NULL,"696 Osborne Street",Winnipeg,MB,Canada,"R3L 2B9","+1 (204) 452-6452",NULL,aaronmitchell@yahoo.ca,4,50,1.98,2
32,Aaron,Mitchell,NULL,"696 Osborne Street",Winnipeg,MB,Canada,"R3L 2B9","+1 (204) 452-6452",NULL,aaronmitchell@yahoo.ca,4,61,13.86,14
32,Aaron,Mitchell,NULL,"696 Osborne Street",Winnipeg,MB,Canada,"R3L 2B9","+1 (204) 452-6452",NULL,aaronmitchell@yahoo.ca,4,116,8.91,9
32,Aaron,Mitchell,NULL,"696 Osborne Street",Winnipeg,MB,Canada,"R3L 2B9","+1 (204) 452-6452",NULL,aaronmitchell@yahoo.ca,4,245,1.98,2
32,Aaron,Mitchell,NULL,"696 Osborne Street",Winnipeg,MB,Canada,"R3L 2B9","+1 (204) 452-6452",NULL,aaronmitchell@yahoo.ca,4,268,3.96,4
32,Aaron,Mitchell,NULL,"696 Osborne Street",Winnipeg,MB,Canada,"R3L 2B9","+1 (204) 452-6452",NULL,aaronmitchell@yahoo.ca,4,290,5.94,6
32,Aaron,Mitchell,NULL,"696 Osborne Street",Winnipeg,MB,Canada,"R3L 2B9","+1 (204) 452-6452",NULL,aaronmitchell@yahoo.ca,4,342,0.99,1
33,Ellie,Sullivan,NULL,"5112 48 Street",Yellowknife,NT,Canada,"X1A 1N6","+1 (867) 920-2233",NULL,ellie.sullivan@shaw.ca,3,27,0.99,1
33,Ellie,Sullivan,NULL,"5112 48 Street",Yellowknife,NT,Canada,"X1A 1N6","+1 (867) 920-2233",NULL,ellie.sullivan@shaw.ca,3,148,1.98,2
33,Ellie,Sullivan,NULL,"5112 48 Street",Yellowknife,NT,Canada,"X1A 1N6","+1 (867) 920-2233",NULL,ellie.sullivan@shaw.ca,3,159,13.86,14
33,Ellie,Sullivan,NULL,"5112 48 Street",Yellowknife,NT,Canada,"X1A 1N6","+1 (867) 920-2233",NULL,ellie.sullivan@shaw.ca,3,214,8.91,9
33,Ellie,Sullivan,NULL,"5112 48 Street",Yellowknife,NT,Canada,"X1A 1N6","+1 (867) 920-2233",NULL,ellie.sullivan@shaw.ca,3,343,1.98,2
33,Ellie,Sullivan,NULL,"5112 48 Street",Yellowknife,NT,Canada,"X1A 1N6","+1 (867) 920-2233",NULL,ellie.sullivan@shaw.ca,3,366,3.96,4
33,Ellie,Sullivan,NULL,"5112 48 Street",Yellowknife,NT,Canada,"X1A 1N6","+1 (867) 920-2233",NULL,ellie.sullivan@shaw.ca,3,388,5.94,6
34,João,Fernandes,NULL,"Rua da Assunção 53",Lisbon,NULL,Portugal,NULL,"+351 (213) 466-111",NULL,jfernandes@yahoo.pt,4,28,1.98,2
34,João,Fernandes,NULL,"Rua da Assunção 53",Lisbon,NULL,Portugal,NULL,"+351 (213) 466-111",NULL,jfernandes@yahoo.pt,4,51,3.96,4
34,João,Fernandes,NULL,"Rua da Assunção 53",Lisbon,NULL,Portugal,NULL,"+351 (213) 466-111",NULL,jfernandes@yahoo.pt,4,73,5.94,6
34,João,Fernandes,NULL,"Rua da Assunção 53",Lisbon,NULL,Portugal,NULL,"+351 (213) 466-111",NULL,jfernandes@yahoo.pt,4,125,0.99,1
34,João,Fernandes,NULL,"Rua da Assunção 53",Lisbon,NULL,Portugal,NULL,"+351 (213) 466-111",NULL,jfernandes@yahoo.pt,4,246,1.98,2
34,João,Fernandes,NULL,"Rua da Assunção 53",Lisbon,NULL,Portugal,NULL,"+351 (213) 466-111",NULL,jfernandes@yahoo.pt,4,257,13.86,14
34,João,Fernandes,NULL,"Rua da Assunção 53",Lisbon,NULL,Portugal,NULL,"+351 (213) 466-111",NULL,jfernandes@yahoo.pt,4,312,10.91,9
35,Madalena,Sampaio,NULL,"Rua dos Campeões Europeus de Viena, 4350",Porto,NULL,Portugal,NULL,"+351 (225) 022-448",NULL,masampaio@sapo.pt,4,126,1.98,2
35,Madalena,Sampaio,NULL,"Rua dos Campeões Europeus de Viena, 4350",Porto,NULL,Portugal,NULL,"+351 (225) 022-448",NULL,masampaio@sapo.pt,4,149,3.96,4
35,Madalena,Sampaio,NULL,"Rua dos Campeões Europeus de Viena, 4350",Porto,NULL,Portugal,NULL,"+351 (225) 022-448",NULL,masampaio@sapo.pt,4,171,5.94,6
35,Madalena,Sampaio,NULL,"Rua dos Campeões Europeus de Viena, 4350",Porto,NULL,Portugal,NULL,"+351 (225) 022-448",NULL,masampaio@sapo.pt,4,223,0.99,1
35,Madalena,Sampaio,NULL,"Rua dos Campeões Europeus de Viena, 4350",Porto,NULL,Portugal,NULL,"+351 (225) 022-448",NULL,masampaio@sapo.pt,4,344,1.98,2
35,Madalena,Sampaio,NULL,"Rua dos Campeões Europeus de Viena, 4350",Porto,NULL,Portugal,NULL,"+351 (225) 022-448",NULL,masampaio@sapo.pt,4,355,13.86,14
35,Madalena,Sampaio,NULL,"Rua dos Campeões Europeus de Viena, 4350",Porto,NULL,Portugal,NULL,"+351 (225) 022-448",NULL,masampaio@sapo.pt,4,410,8.91,9
36,Hannah,Schneider,NULL,"Tauentzienstraße 8",Berlin,NULL,Germany,10789,"+49 030 26550280",NULL,hannah.schneider@yahoo.de,5,29,1.98,2
36,Hannah,Schneider,NULL,"Tauentzienstraße 8",Berlin,NULL,Germany,10789,"+49 030 26550280",NULL,hannah.schneider@yahoo.de,5,40,13.86,14
36,Hannah,Schneider,NULL,"Tauentzienstraße 8",Berlin,NULL,Germany,10789,"+49 030 26550280",NULL,hannah.schneider@yahoo.de,5,95,8.91,9
36,Hannah,Schneider,NULL,"Tauentzienstraße 8",Berlin,NULL,Germany,10789,"+49 030 26550280",NULL,hannah.schneider@yahoo.de,5,224,1.98,2
36,Hannah,Schneider,NULL,"Tauentzienstraße 8",Berlin,NULL,Germany,10789,"+49 030 26550280",NULL,hannah.schneider@yahoo.de,5,247,3.96,4
36,Hannah,Schneider,NULL,"Tauentzienstraße 8",Berlin,NULL,Germany,10789,"+49 030 26550280",NULL,hannah.schneider@yahoo.de,5,269,5.94,6
36,Hannah,Schneider,NULL,"Tauentzienstraße 8",Berlin,NULL,Germany,10789,"+49 030 26550280",NULL,hannah.schneider@yahoo.de,5,321,0.99,1
37,Fynn,Zimmermann,NULL,"Berger Straße 10",Frankfurt,NULL,Germany,60316,"+49 069 40598889",NULL,fzimmermann@yahoo.de,3,6,0.99,1
37,Fynn,Zimmermann,NULL,"Berger Straße 10",Frankfurt,NULL,Germany,60316,"+49 069 40598889",NULL,fzimmermann@yahoo.de,3,127,1.98,2
37,Fynn,Zimmermann,NULL,"Berger Straße 10",Frankfurt,NULL,Germany,60316,"+49 069 40598889",NULL,fzimmermann@yahoo.de,3,138,13.86,14
37,Fynn,Zimmermann,NULL,"Berger Straße 10",Frankfurt,NULL,Germany,60316,"+49 069 40598889",NULL,fzimmermann@yahoo.de,3,193,14.91,9
37,Fynn,Zimmermann,NULL,"Berger Straße 10",Frankfurt,NULL,Germany,60316,"+49 069 40598889",NULL,fzimmermann@yahoo.de,3,322,1.98,2
37,Fynn,Zimmermann,NULL,"Berger Straße 10",Frankfurt,NULL,Germany,60316,"+49 069 40598889",NULL,fzimmermann@yahoo.de,3,345,3.96,4
37,Fynn,Zimmermann,NULL,"Berger Straße 10",Frankfurt,NULL,Germany,60316,"+49 069 40598889",NULL,fzimmermann@yahoo.de,3,367,5.94,6
38,Niklas,Schröder,NULL,"Barbarossastraße 19",Berlin,NULL,Germany,10779,"+49 030 2141444",NULL,nschroder@surfeu.de,3,7,1.98,2
38,Niklas,Schröder,NULL,"Barbarossastraße 19",Berlin,NULL,Germany,10779,"+49 030 2141444",NULL,nschroder@surfeu.de,3,30,3.96,4
38,Niklas,Schröder,NULL,"Barbarossastraße 19",Berlin,NULL,Germany,10779,"+49 030 2141444",NULL,nschroder@surfeu.de,3,52,5.94,6
38,Niklas,Schröder,NULL,"Barbarossastraße 19",Berlin,NULL,Germany,10779,"+49 030 2141444",NULL,nschroder@surfeu.de,3,104,0.99,1
38,Niklas,Schröder,NULL,"Barbarossastraße 19",Berlin,NULL,Germany,10779,"+49 030 2141444",NULL,nschroder@surfeu.de,3,225,1.98,2
38,Niklas,Schröder,NULL,"Barbarossastraße 19",Berlin,NULL,Germany,10779,"+49 030 2141444",NULL,nschroder@surfeu.de,3,236,13.86,14
38,Niklas,Schröder,NULL,"Barbarossastraße 19",Berlin,NULL,Germany,10779,"+49 030 2141444",NULL,nschroder@surfeu.de,3,291,8.91,9
39,Camille,Bernard,NULL,"4, Rue Milton",Paris,NULL,France,75009,"+33 01 49 70 65 65",NULL,camille.bernard@yahoo.fr,4,105,1.98,2
39,Camille,Bernard,NULL,"4, Rue Milton",Paris,NULL,France,75009,"+33 01 49 70 65 65",NULL,camille.bernard@yahoo.fr,4,128,3.96,4
39,Camille,Bernard,NULL,"4, Rue Milton",Paris,NULL,France,75009,"+33 01 49 70 65 65",NULL,camille.bernard@yahoo.fr,4,150,5.94,6
39,Camille,Bernard,NULL,"4, Rue Milton",Paris,NULL,France,75009,"+33 01 49 70 65 65",NULL,camille.bernard@yahoo.fr,4,202,1.99,1
39,Camille,Bernard,NULL,"4, Rue Milton",Paris,NULL,France,75009,"+33 01 49 70 65 65",NULL,camille.bernard@yahoo.fr,4,323,1.98,2
39,Camille,Bernard,NULL,"4, Rue Milton",Paris,NULL,France,75009,"+33 01 49 70 65 65",NULL,camille.bernard@yahoo.fr,4,334,13.86,14
39,Camille,Bernard,NULL,"4, Rue Milton",Paris,NULL,France,75009,"+33 01 49 70 65 65",NULL,camille.bernard@yahoo.fr,4,389,8.91,9
40,Dominique,Lefebvre,NULL,"8, Rue Hanovre",Paris,NULL,France,75002,"+33 01 47 42 71 71",NULL,dominiquelefebvre@gmail.com,4,8,1.98,2
40,Dominique,Lefebvre,NULL,"8, Rue Hanovre",Paris,NULL,France,75002,"+33 01 47 42 71 71",NULL,dominiquelefebvre@gmail.com,4,19,13.86,14
40,Dominique,Lefebvre,NULL,"8, Rue Hanovre",Paris,NULL,France,75002,"+33 01 47 42 71 71",NULL,dominiquelefebvre@gmail.com,4,74,8.91,9
40,Dominique,Lefebvre,NULL,"8, Rue Hanovre",Paris,NULL,France,75002,"+33 01 47 42 71 71",NULL,dominiquelefebvre@gmail.com,4,203,2.98,2
40,Dominique,Lefebvre,NULL,"8, Rue Hanovre",Paris,NULL,France,75002,"+33 01 47 42 71 71",NULL,dominiquelefebvre@gmail.com,4,226,3.96,4
40,Dominique,Lefebvre,NULL,"8, Rue Hanovre",Paris,NULL,France,75002,"+33 01 47 42 71 71",NULL,dominiquelefebvre@gmail.com,4,248,5.94,6
40,Dominique,Lefebvre,NULL,"8, Rue Hanovre",Paris,NULL,France,75002,"+33 01 47 42 71 71",NULL,dominiquelefebvre@gmail.com,4,300,0.99,1
41,Marc,Dubois,NULL,"11, Place Bellecour",Lyon,NULL,France,69002,"+33 04 78 30 30 30",NULL,marc.dubois@hotmail.com,5,106,1.98,2
41,Marc,Dubois,NULL,"11, Place Bellecour",Lyon,NULL,France,69002,"+33 04 78 30 30 30",NULL,marc.dubois@hotmail.com,5,117,13.86,14
41,Marc,Dubois,NULL,"11, Place Bellecour",Lyon,NULL,France,69002,"+33 04 78 30 30 30",NULL,marc.dubois@hotmail.com,5,172,8.91,9
41,Marc,Dubois,NULL,"11, Place Bellecour",Lyon,NULL,France,69002,"+33 04 78 30 30 30",NULL,marc.dubois@hotmail.com,5,301,1.98,2
41,Marc,Dubois,NULL,"11, Place Bellecour",Lyon,NULL,France,69002,"+33 04 78 30 30 30",NULL,marc.dubois@hotmail.com,5,324,3.96,4
41,Marc,Dubois,NULL,"11, Place Bellecour",Lyon,NULL,France,69002,"+33 04 78 30 30 30",NULL,marc.dubois@hotmail.com,5,346,5.94,6
41,Marc,Dubois,NULL,"11, Place Bellecour",Lyon,NULL,France,69002,"+33 04 78 30 30 30",NULL,marc.dubois@hotmail.com,5,398,0.99,1
42,Wyatt,Girard,NULL,"9, Place Louis Barthou",Bordeaux,NULL,France,33000,"+33 05 56 96 96 96",NULL,wyatt.girard@yahoo.fr,3,9,3.96,4
42,Wyatt,Girard,NULL,"9, Place Louis Barthou",Bordeaux,NULL,France,33000,"+33 05 56 96 96 96",NULL,wyatt.girard@yahoo.fr,3,31,5.94,6
42,Wyatt,Girard,NULL,"9, Place Louis Barthou",Bordeaux,NULL,France,33000,"+33 05 56 96 96 96",NULL,wyatt.girard@yahoo.fr,3,83,0.99,1
42,Wyatt,Girard,NULL,"9, Place Louis Barthou",Bordeaux,NULL,France,33000,"+33 05 56 96 96 96",NULL,wyatt.girard@yahoo.fr,3,204,3.98,2
42,Wyatt,Girard,NULL,"9, Place Louis Barthou",Bordeaux,NULL,France,33000,"+33 05 56 96 96 96",NULL,wyatt.girard@yahoo.fr,3,215,13.86,14
42,Wyatt,Girard,NULL,"9, Place Louis Barthou",Bordeaux,NULL,France,33000,"+33 05 56 96 96 96",NULL,wyatt.girard@yahoo.fr,3,270,8.91,9
42,Wyatt,Girard,NULL,"9, Place Louis Barthou",Bordeaux,NULL,France,33000,"+33 05 56 96 96 96",NULL,wyatt.girard@yahoo.fr,3,399,1.98,2
43,Isabelle,Mercier,NULL,"68, Rue Jouvence",Dijon,NULL,France,21000,"+33 03 80 73 66 99",NULL,isabelle_mercier@apple.fr,3,84,1.98,2
43,Isabelle,Mercier,NULL,"68, Rue Jouvence",Dijon,NULL,France,21000,"+33 03 80 73 66 99",NULL,isabelle_mercier@apple.fr,3,107,3.96,4
43,Isabelle,Mercier,NULL,"68, Rue Jouvence",Dijon,NULL,France,21000,"+33 03 80 73 66 99",NULL,isabelle_mercier@apple.fr,3,129,5.94,6
43,Isabelle,Mercier,NULL,"68, Rue Jouvence",Dijon,NULL,France,21000,"+33 03 80 73 66 99",NULL,isabelle_mercier@apple.fr,3,181,0.99,1
43,Isabelle,Mercier,NULL,"68, Rue Jouvence",Dijon,NULL,France,21000,"+33 03 80 73 66 99",NULL,isabelle_mercier@apple.fr,3,302,1.98,2
43,Isabelle,Mercier,NULL,"68, Rue Jouvence",Dijon,NULL,France,21000,"+33 03 80 73 66 99",NULL,isabelle_mercier@apple.fr,3,313,16.86,14
43,Isabelle,Mercier,NULL,"68, Rue Jouvence",Dijon,NULL,France,21000,"+33 03 80 73 66 99",NULL,isabelle_mercier@apple.fr,3,368,8.91,9
44,Terhi,Hämäläinen,NULL,"Porthaninkatu 9",Helsinki,NULL,Finland,00530,"+358 09 870 2000",NULL,terhi.hamalainen@apple.fi,3,53,8.91,9
44,Terhi,Hämäläinen,NULL,"Porthaninkatu 9",Helsinki,NULL,Finland,00530,"+358 09 870 2000",NULL,terhi.hamalainen@apple.fi,3,182,1.98,2
44,Terhi,Hämäläinen,NULL,"Porthaninkatu 9",Helsinki,NULL,Finland,00530,"+358 09 870 2000",NULL,terhi.hamalainen@apple.fi,3,205,7.96,4
44,Terhi,Hämäläinen,NULL,"Porthaninkatu 9",Helsinki,NULL,Finland,00530,"+358 09 870 2000",NULL,terhi.hamalainen@apple.fi,3,227,5.94,6
44,Terhi,Hämäläinen,NULL,"Porthaninkatu 9",Helsinki,NULL,Finland,00530,"+358 09 870 2000",NULL,terhi.hamalainen@apple.fi,3,279,0.99,1
44,Terhi,Hämäläinen,NULL,"Porthaninkatu 9",Helsinki,NULL,Finland,00530,"+358 09 870 2000",NULL,terhi.hamalainen@apple.fi,3,400,1.98,2
44,Terhi,Hämäläinen,NULL,"Porthaninkatu 9",Helsinki,NULL,Finland,00530,"+358 09 870 2000",NULL,terhi.hamalainen@apple.fi,3,411,13.86,14
45,Ladislav,Kovács,NULL,"Erzsébet krt. 58.",Budapest,NULL,Hungary,H-1073,NULL,NULL,ladislav_kovacs@apple.hu,3,85,1.98,2
45,Ladislav,Kovács,NULL,"Erzsébet krt. 58.",Budapest,NULL,Hungary,H-1073,NULL,NULL,ladislav_kovacs@apple.hu,3,96,21.86,14
45,Ladislav,Kovács,NULL,"Erzsébet krt. 58.",Budapest,NULL,Hungary,H-1073,NULL,NULL,ladislav_kovacs@apple.hu,3,151,8.91,9
45,Ladislav,Kovács,NULL,"Erzsébet krt. 58.",Budapest,NULL,Hungary,H-1073,NULL,NULL,ladislav_kovacs@apple.hu,3,280,1.98,2
45,Ladislav,Kovács,NULL,"Erzsébet krt. 58.",Budapest,NULL,Hungary,H-1073,NULL,NULL,ladislav_kovacs@apple.hu,3,303,3.96,4
45,Ladislav,Kovács,NULL,"Erzsébet krt. 58.",Budapest,NULL,Hungary,H-1073,NULL,NULL,ladislav_kovacs@apple.hu,3,325,5.94,6
45,Ladislav,Kovács,NULL,"Erzsébet krt. 58.",Budapest,NULL,Hungary,H-1073,NULL,NULL,ladislav_kovacs@apple.hu,3,377,0.99,1
46,Hugh,O'Reilly,NULL,"3 Chatham Street",Dublin,Dublin,Ireland,NULL,"+353 01 6792424",NULL,hughoreilly@apple.ie,3,10,5.94,6
46,Hugh,O'Reilly,NULL,"3 Chatham Street",Dublin,Dublin,Ireland,NULL,"+353 01 6792424",NULL,hughoreilly@apple.ie,3,62,0.99,1
46,Hugh,O'Reilly,NULL,"3 Chatham Street",Dublin,Dublin,Ireland,NULL,"+353 01 6792424",NULL,hughoreilly@apple.ie,3,183,1.98,2
46,Hugh,O'Reilly,NULL,"3 Chatham Street",Dublin,Dublin,Ireland,NULL,"+353 01 6792424",NULL,hughoreilly@apple.ie,3,194,21.86,14
46,Hugh,O'Reilly,NULL,"3 Chatham Street",Dublin,Dublin,Ireland,NULL,"+353 01 6792424",NULL,hughoreilly@apple.ie,3,249,8.91,9
46,Hugh,O'Reilly,NULL,"3 Chatham Street",Dublin,Dublin,Ireland,NULL,"+353 01 6792424",NULL,hughoreilly@apple.ie,3,378,1.98,2
46,Hugh,O'Reilly,NULL,"3 Chatham Street",Dublin,Dublin,Ireland,NULL,"+353 01 6792424",NULL,hughoreilly@apple.ie,3,401,3.96,4
47,Lucas,Mancini,NULL,"Via Degli Scipioni, 43",Rome,RM,Italy,00192,"+39 06 39733434",NULL,lucas.mancini@yahoo.it,5,63,1.98,2
47,Lucas,Mancini,NULL,"Via Degli Scipioni, 43",Rome,RM,Italy,00192,"+39 06 39733434",NULL,lucas.mancini@yahoo.it,5,86,3.96,4
47,Lucas,Mancini,NULL,"Via Degli Scipioni, 43",Rome,RM,Italy,00192,"+39 06 39733434",NULL,lucas.mancini@yahoo.it,5,108,5.94,6
47,Lucas,Mancini,NULL,"Via Degli Scipioni, 43",Rome,RM,Italy,00192,"+39 06 39733434",NULL,lucas.mancini@yahoo.it,5,160,0.99,1
47,Lucas,Mancini,NULL,"Via Degli Scipioni, 43",Rome,RM,Italy,00192,"+39 06 39733434",NULL,lucas.mancini@yahoo.it,5,281,1.98,2
47,Lucas,Mancini,NULL,"Via Degli Scipioni, 43",Rome,RM,Italy,00192,"+39 06 39733434",NULL,lucas.mancini@yahoo.it,5,292,13.86,14
47,Lucas,Mancini,NULL,"Via Degli Scipioni, 43",Rome,RM,Italy,00192,"+39 06 39733434",NULL,lucas.mancini@yahoo.it,5,347,8.91,9
48,Johannes,"Van der Berg",NULL,"Lijnbaansgracht 120bg",Amsterdam,VV,Netherlands,1016,"+31 020 6223130",NULL,johavanderberg@yahoo.nl,5,32,8.91,9
48,Johannes,"Van der Berg",NULL,"Lijnbaansgracht 120bg",Amsterdam,VV,Netherlands,1016,"+31 020 6223130",NULL,johavanderberg@yahoo.nl,5,161,1.98,2
48,Johannes,"Van der Berg",NULL,"Lijnbaansgracht 120bg",Amsterdam,VV,Netherlands,1016,"+31 020 6223130",NULL,johavanderberg@yahoo.nl,5,184,3.96,4
48,Johannes,"Van der Berg",NULL,"Lijnbaansgracht 120bg",Amsterdam,VV,Netherlands,1016,"+31 020 6223130",NULL,johavanderberg@yahoo.nl,5,206,8.94,6
48,Johannes,"Van der Berg",NULL,"Lijnbaansgracht 120bg",Amsterdam,VV,Netherlands,1016,"+31 020 6223130",NULL,johavanderberg@yahoo.nl,5,258,0.99,1
48,Johannes,"Van der Berg",NULL,"Lijnbaansgracht 120bg",Amsterdam,VV,Netherlands,1016,"+31 020 6223130",NULL,johavanderberg@yahoo.nl,5,379,1.98,2
48,Johannes,"Van der Berg",NULL,"Lijnbaansgracht 120bg",Amsterdam,VV,Netherlands,1016,"+31 020 6223130",NULL,johavanderberg@yahoo.nl,5,390,13.86,14
49,Stanisław,Wójcik,NULL,"Ordynacka 10",Warsaw,NULL,Poland,00-358,"+48 22 828 37 39",NULL,stanisław.wójcik@wp.pl,4,64,1.98,2
49,Stanisław,Wójcik,NULL,"Ordynacka 10",Warsaw,NULL,Poland,00-358,"+48 22 828 37 39",NULL,stanisław.wójcik@wp.pl,4,75,13.86,14
49,Stanisław,Wójcik,NULL,"Ordynacka 10",Warsaw,NULL,Poland,00-358,"+48 22 828 37 39",NULL,stanisław.wójcik@wp.pl,4,130,8.91,9
49,Stanisław,Wójcik,NULL,"Ordynacka 10",Warsaw,NULL,Poland,00-358,"+48 22 828 37 39",NULL,stanisław.wójcik@wp.pl,4,259,1.98,2
49,Stanisław,Wójcik,NULL,"Ordynacka 10",Warsaw,NULL,Poland,00-358,"+48 22 828 37 39",NULL,stanisław.wójcik@wp.pl,4,282,3.96,4
49,Stanisław,Wójcik,NULL,"Ordynacka 10",Warsaw,NULL,Poland,00-358,"+48 22 828 37 39",NULL,stanisław.wójcik@wp.pl,4,304,5.94,6
49,Stanisław,Wójcik,NULL,"Ordynacka 10",Warsaw,NULL,Poland,00-358,"+48 22 828 37 39",NULL,stanisław.wójcik@wp.pl,4,356,0.99,1
50,Enrique,Muñoz,NULL,"C/ San Bernardo 85",Madrid,NULL,Spain,28015,"+34 914 454 454",NULL,enrique_munoz@yahoo.es,5,41,0.99,1
50,Enrique,Muñoz,NULL,"C/ San Bernardo 85",Madrid,NULL,Spain,28015,"+34 914 454 454",NULL,enrique_munoz@yahoo.es,5,162,1.98,2
50,Enrique,Muñoz,NULL,"C/ San Bernardo 85",Madrid,NULL,Spain,28015,"+34 914 454 454",NULL,enrique_munoz@yahoo.es,5,173,13.86,14
50,Enrique,Muñoz,NULL,"C/ San Bernardo 85",Madrid,NULL,Spain,28015,"+34 914 454 454",NULL,enrique_munoz@yahoo.es,5,228,8.91,9
50,Enrique,Muñoz,NULL,"C/ San Bernardo 85",Madrid,NULL,Spain,28015,"+34 914 454 454",NULL,enrique_munoz@yahoo.es,5,357,1.98,2
50,Enrique,Muñoz,NULL,"C/ San Bernardo 85",Madrid,NULL,Spain,28015,"+34 914 454 454",NULL,enrique_munoz@yahoo.es,5,380,3.96,4
50,Enrique,Muñoz,NULL,"C/ San Bernardo 85",Madrid,NULL,Spain,28015,"+34 914 454 454",NULL,enrique_munoz@yahoo.es,5,402,5.94,6
51,Joakim,Johansson,NULL,"Celsiusg. 9",Stockholm,NULL,Sweden,11230,"+46 08-651 52 52",NULL,joakim.johansson@yahoo.se,5,42,1.98,2
51,Joakim,Johansson,NULL,"Celsiusg. 9",Stockholm,NULL,Sweden,11230,"+46 08-651 52 52",NULL,joakim.johansson@yahoo.se,5,65,3.96,4
51,Joakim,Johansson,NULL,"Celsiusg. 9",Stockholm,NULL,Sweden,11230,"+46 08-651 52 52",NULL,joakim.johansson@yahoo.se,5,87,6.94,6
51,Joakim,Johansson,NULL,"Celsiusg. 9",Stockholm,NULL,Sweden,11230,"+46 08-651 52 52",NULL,joakim.johansson@yahoo.se,5,139,0.99,1
51,Joakim,Johansson,NULL,"Celsiusg. 9",Stockholm,NULL,Sweden,11230,"+46 08-651 52 52",NULL,joakim.johansson@yahoo.se,5,260,1.98,2
51,Joakim,Johansson,NULL,"Celsiusg. 9",Stockholm,NULL,Sweden,11230,"+46 08-651 52 52",NULL,joakim.johansson@yahoo.se,5,271,13.86,14
51,Joakim,Johansson,NULL,"Celsiusg. 9",Stockholm,NULL,Sweden,11230,"+46 08-651 52 52",NULL,joakim.johansson@yahoo.se,5,326,8.91,9
52,Emma,Jones,NULL,"202 Hoxton Street",London,NULL,"United Kingdom","N1 5LH","+44 020 7707 0707",NULL,emma_jones@hotmail.com,3,11,8.91,9
52,Emma,Jones,NULL,"202 Hoxton Street",London,NULL,"United Kingdom","N1 5LH","+44 020 7707 0707",NULL,emma_jones@hotmail.com,3,140,1.98,2
52,Emma,Jones,NULL,"202 Hoxton Street",London,NULL,"United Kingdom","N1 5LH","+44 020 7707 0707",NULL,emma_jones@hotmail.com,3,163,3.96,4
52,Emma,Jones,NULL,"202 Hoxton Street",London,NULL,"United Kingdom","N1 5LH","+44 020 7707 0707",NULL,emma_jones@hotmail.com,3,185,5.94,6
52,Emma,Jones,NULL,"202 Hoxton Street",London,NULL,"United Kingdom","N1 5LH","+44 020 7707 0707",NULL,emma_jones@hotmail.com,3,237,0.99,1
52,Emma,Jones,NULL,"202 Hoxton Street",London,NULL,"United Kingdom","N1 5LH","+44 020 7707 0707",NULL,emma_jones@hotmail.com,3,358,1.98,2
52,Emma,Jones,NULL,"202 Hoxton Street",London,NULL,"United Kingdom","N1 5LH","+44 020 7707 0707",NULL,emma_jones@hotmail.com,3,369,13.86,14
53,Phil,Hughes,NULL,"113 Lupus St",London,NULL,"United Kingdom","SW1V 3EN","+44 020 7976 5722",NULL,phil.hughes@gmail.com,3,43,1.98,2
53,Phil,Hughes,NULL,"113 Lupus St",London,NULL,"United Kingdom","SW1V 3EN","+44 020 7976 5722",NULL,phil.hughes@gmail.com,3,54,13.86,14
53,Phil,Hughes,NULL,"113 Lupus St",London,NULL,"United Kingdom","SW1V 3EN","+44 020 7976 5722",NULL,phil.hughes@gmail.com,3,109,8.91,9
53,Phil,Hughes,NULL,"113 Lupus St",London,NULL,"United Kingdom","SW1V 3EN","+44 020 7976 5722",NULL,phil.hughes@gmail.com,3,238,1.98,2
53,Phil,Hughes,NULL,"113 Lupus St",London,NULL,"United Kingdom","SW1V 3EN","+44 020 7976 5722",NULL,phil.hughes@gmail.com,3,261,3.96,4
53,Phil,Hughes,NULL,"113 Lupus St",London,NULL,"United Kingdom","SW1V 3EN","+44 020 7976 5722",NULL,phil.hughes@gmail.com,3,283,5.94,6
53,Phil,Hughes,NULL,"113 Lupus St",London,NULL,"United Kingdom","SW1V 3EN","+44 020 7976 5722",NULL,phil.hughes@gmail.com,3,335,0.99,1
54,Steve,Murray,NULL,"110 Raeburn Pl","Edinburgh ",NULL,"United Kingdom","EH4 1HH","+44 0131 315 3300",NULL,steve.murray@yahoo.uk,5,20,0.99,1
54,Steve,Murray,NULL,"110 Raeburn Pl","Edinburgh ",NULL,"United Kingdom","EH4 1HH","+44 0131 315 3300",NULL,steve.murray@yahoo.uk,5,141,1.98,2
54,Steve,Murray,NULL,"110 Raeburn Pl","Edinburgh ",NULL,"United Kingdom","EH4 1HH","+44 0131 315 3300",NULL,steve.murray@yahoo.uk,5,152,13.86,14
54,Steve,Murray,NULL,"110 Raeburn Pl","Edinburgh ",NULL,"United Kingdom","EH4 1HH","+44 0131 315 3300",NULL,steve.murray@yahoo.uk,5,207,8.91,9
54,Steve,Murray,NULL,"110 Raeburn Pl","Edinburgh ",NULL,"United Kingdom","EH4 1HH","+44 0131 315 3300",NULL,steve.murray@yahoo.uk,5,336,1.98,2
54,Steve,Murray,NULL,"110 Raeburn Pl","Edinburgh ",NULL,"United Kingdom","EH4 1HH","+44 0131 315 3300",NULL,steve.murray@yahoo.uk,5,359,3.96,4
54,Steve,Murray,NULL,"110 Raeburn Pl","Edinburgh ",NULL,"United Kingdom","EH4 1HH","+44 0131 315 3300",NULL,steve.murray@yahoo.uk,5,381,5.94,6
55,Mark,Taylor,NULL,"421 Bourke Street",Sidney,NSW,Australia,2010,"+61 (02) 9332 3633",NULL,mark.taylor@yahoo.au,4,21,1.98,2
55,Mark,Taylor,NULL,"421 Bourke Street",Sidney,NSW,Australia,2010,"+61 (02) 9332 3633",NULL,mark.taylor@yahoo.au,4,44,3.96,4
55,Mark,Taylor,NULL,"421 Bourke Street",Sidney,NSW,Australia,2010,"+61 (02) 9332 3633",NULL,mark.taylor@yahoo.au,4,66,5.94,6
55,Mark,Taylor,NULL,"421 Bourke Street",Sidney,NSW,Australia,2010,"+61 (02) 9332 3633",NULL,mark.taylor@yahoo.au,4,118,0.99,1
55,Mark,Taylor,NULL,"421 Bourke Street",Sidney,NSW,Australia,2010,"+61 (02) 9332 3633",NULL,mark.taylor@yahoo.au,4,239,1.98,2
55,Mark,Taylor,NULL,"421 Bourke Street",Sidney,NSW,Australia,2010,"+61 (02) 9332 3633",NULL,mark.taylor@yahoo.au,4,250,13.86,14
55,Mark,Taylor,NULL,"421 Bourke Street",Sidney,NSW,Australia,2010,"+61 (02) 9332 3633",NULL,mark.taylor@yahoo.au,4,305,8.91,9
56,Diego,Gutiérrez,NULL,"307 Macacha Güemes","Buenos Aires",NULL,Argentina,1106,"+54 (0)11 4311 4333",NULL,diego.gutierrez@yahoo.ar,4,119,1.98,2
56,Diego,Gutiérrez,NULL,"307 Macacha Güemes","Buenos Aires",NULL,Argentina,1106,"+54 (0)11 4311 4333",NULL,diego.gutierrez@yahoo.ar,4,142,3.96,4
56,Diego,Gutiérrez,NULL,"307 Macacha Güemes","Buenos Aires",NULL,Argentina,1106,"+54 (0)11 4311 4333",NULL,diego.gutierrez@yahoo.ar,4,164,5.94,6
56,Diego,Gutiérrez,NULL,"307 Macacha Güemes","Buenos Aires",NULL,Argentina,1106,"+54 (0)11 4311 4333",NULL,diego.gutierrez@yahoo.ar,4,216,0.99,1
56,Diego,Gutiérrez,NULL,"307 Macacha Güemes","Buenos Aires",NULL,Argentina,1106,"+54 (0)11 4311 4333",NULL,diego.gutierrez@yahoo.ar,4,337,1.98,2
56,Diego,Gutiérrez,NULL,"307 Macacha Güemes","Buenos Aires",NULL,Argentina,1106,"+54 (0)11 4311 4333",NULL,diego.gutierrez@yahoo.ar,4,348,13.86,14
56,Diego,Gutiérrez,NULL,"307 Macacha Güemes","Buenos Aires",NULL,Argentina,1106,"+54 (0)11 4311 4333",NULL,diego.gutierrez@yahoo.ar,4,403,8.91,9
57,Luis,Rojas,NULL,"Calle Lira, 198",Santiago,NULL,Chile,NULL,"+56 (0)2 635 4444",NULL,luisrojas@yahoo.cl,5,22,1.98,2
57,Luis,Rojas,NULL,"Calle Lira, 198",Santiago,NULL,Chile,NULL,"+56 (0)2 635 4444",NULL,luisrojas@yahoo.cl,5,33,13.86,14
57,Luis,Rojas,NULL,"Calle Lira, 198",Santiago,NULL,Chile,NULL,"+56 (0)2 635 4444",NULL,luisrojas@yahoo.cl,5,88,17.91,9
57,Luis,Rojas,NULL,"Calle Lira, 198",Santiago,NULL,Chile,NULL,"+56 (0)2 635 4444",NULL,luisrojas@yahoo.cl,5,217,1.98,2
57,Luis,Rojas,NULL,"Calle Lira, 198",Santiago,NULL,Chile,NULL,"+56 (0)2 635 4444",NULL,luisrojas@yahoo.cl,5,240,3.96,4
57,Luis,Rojas,NULL,"Calle Lira, 198",Santiago,NULL,Chile,NULL,"+56 (0)2 635 4444",NULL,luisrojas@yahoo.cl,5,262,5.94,6
57,Luis,Rojas,NULL,"Calle Lira, 198",Santiago,NULL,Chile,NULL,"+56 (0)2 635 4444",NULL,luisrojas@yahoo.cl,5,314,0.99,1
58,Manoj,Pareek,NULL,"12,Community Centre",Delhi,NULL,India,110017,"+91 0124 39883988",NULL,manoj.pareek@rediff.com,3,120,1.98,2
58,Manoj,Pareek,NULL,"12,Community Centre",Delhi,NULL,India,110017,"+91 0124 39883988",NULL,manoj.pareek@rediff.com,3,131,13.86,14
58,Manoj,Pareek,NULL,"12,Community Centre",Delhi,NULL,India,110017,"+91 0124 39883988",NULL,manoj.pareek@rediff.com,3,186,8.91,9
58,Manoj,Pareek,NULL,"12,Community Centre",Delhi,NULL,India,110017,"+91 0124 39883988",NULL,manoj.pareek@rediff.com,3,315,1.98,2
58,Manoj,Pareek,NULL,"12,Community Centre",Delhi,NULL,India,110017,"+91 0124 39883988",NULL,manoj.pareek@rediff.com,3,338,3.96,4
58,Manoj,Pareek,NULL,"12,Community Centre",Delhi,NULL,India,110017,"+91 0124 39883988",NULL,manoj.pareek@rediff.com,3,360,5.94,6
58,Manoj,Pareek,NULL,"12,Community Centre",Delhi,NULL,India,110017,"+91 0124 39883988",NULL,manoj.pareek@rediff.com,3,412,1.99,1
59,Puja,Srivastava,NULL,"3,Raj Bhavan Road",Bangalore,NULL,India,560001,"+91 080 22289999",NULL,puja_srivastava@yahoo.in,3,23,3.96,4
59,Puja,Srivastava,NULL,"3,Raj Bhavan Road",Bangalore,NULL,India,560001,"+91 080 22289999",NULL,puja_srivastava@yahoo.in,3,45,5.94,6
59,Puja,Srivastava,NULL,"3,Raj Bhavan Road",Bangalore,NULL,India,560001,"+91 080 22289999",NULL,puja_srivastava@yahoo.in,3,97,1.99,1
59,Puja,Srivastava,NULL,"3,Raj Bhavan Road",Bangalore,NULL,India,560001,"+91 080 22289999",NULL,puja_srivastava@yahoo.in,3,218,1.98,2
59,Puja,Srivastava,NULL,"3,Raj Bhavan Road",Bangalore,NULL,India,560001,"+91 080 22289999",NULL,puja_srivastava@yahoo.in,3,229,13.86,14
59,Puja,Srivastava,NULL,"3,Raj Bhavan Road",Bangalore,NULL,India,560001,"+91 080 22289999",NULL,puja_srivastava@yahoo.in,3,284,8.91,9
